{
  "toolkit_name": "30-Day Wealth Creation System",
  "category": "AI Business Tools",
  "price": "$997",
  "description": "Complete 30-day wealth creation roadmap with meta-meta framework, monetization pipeline, and systematic wealth building approach.",
  "features": [
    "Complete 30-Day Plan: Day-by-day wealth creation roadmap",
    "Meta-Meta Framework: Operating principles for billionaires",
    "Monetization Pipeline: 5-step idea-to-revenue process",
    "Genix Bank Setup: Digital treasury infrastructure",
    "AIChief Strategy: Market domination approach",
    "Venture Creation: Automated company formation",
    "Wealth Optimization: Continuous financial improvement"
  ],
  "target_audience": "Entrepreneurs, investors, wealth builders",
  "system_components": {
    "week_1": "Idea extraction and validation",
    "week_2": "MVP development and deployment",
    "week_3": "Monetization and customer acquisition",
    "week_4": "Scaling and institutionalization"
  },
  "success_framework": {
    "daily_metrics": "Value generated, revenue streams, opportunities",
    "weekly_metrics": "MVPs shipped, revenue growth, partnerships",
    "monthly_metrics": "ARR growth, ventures launched, team expansion",
    "quarterly_metrics": "Revenue milestones, funding rounds, expansion"
  },
  "wealth_creation_methods": [
    "Template Sales: AIChief toolkit monetization",
    "SaaS Products: Consciousness-OS licensing",
    "Venture Spin-outs: Automated company creation",
    "Partnership Revenue: Cross-promotion deals",
    "Content Monetization: Educational content sales"
  ],
  "target_outcomes": {
    "30_days": "$10k+ additional monthly revenue",
    "90_days": "$50k+ additional monthly revenue",
    "1_year": "$500k+ additional annual revenue",
    "5_years": "$10M+ additional annual revenue"
  },
  "support_package": [
    "Implementation Coaching: 1-on-1 setup assistance",
    "Monthly Group Calls: Strategy and optimization sessions",
    "Private Community: Wealth builders network",
    "Lifetime Updates: All future enhancements included"
  ],
  "submission_status": "ready_for_submission",
  "expected_revenue": "$1M+ annually"
}
