{
  "toolkit_name": "Billionaire AI Workflow Toolkit",
  "category": "AI Productivity Tools",
  "price": "$497",
  "description": "Transform your daily workflow into a billionaire-level operating system that compounds wealth exponentially through AI-powered automation and consciousness-driven decision making.",
  "features": [
    "30-Day Billionaire Workflow: Complete daily execution system",
    "Master Monetization Meta-Prompt: Single prompt for wealth creation",
    "Consciousness-OS Integration: 35-project AI system",
    "Genix Bank Setup: Digital treasury layer",
    "AIChief Integration: Market domination strategy",
    "Warp Commands: One-click automation",
    "Vercept Jobs: Scheduled execution",
    "Cursor Configs: AI-optimized development"
  ],
  "target_audience": "Entrepreneurs, founders, high-level executives",
  "value_proposition": "Transform your daily workflow into a billionaire-level operating system",
  "success_metrics": {
    "time_savings": "80%+ reduction in manual tasks",
    "revenue_growth": "10x+ increase in monetization",
    "automation_level": "90%+ of workflows automated",
    "roi": "1000%+ return on investment"
  },
  "technical_requirements": [
    "Warp.dev: Terminal automation",
    "Cursor: AI-powered development",
    "Claude: Strategic thinking",
    "Vercept: Job orchestration",
    "IZA OS: Infrastructure foundation"
  ],
  "market_validation": {
    "tools_analyzed": 10131,
    "categories_covered": 180,
    "subscribers_reach": "100k+",
    "positioning": "Verified Tool Badge"
  },
  "submission_status": "ready_for_submission",
  "expected_revenue": "$500k+ annually"
}
